lift,pct,pi_p
0.5988023952095808,1,0.04464285714285714
0.2994011976047904,2,0.02232142857142857
0.718562874251497,5,0.05357142857142857
0.718562874251497,10,0.05357142857142857
1.0179640718562875,20,0.07589285714285714
