pct,pi_p,lift
5,0.05357142857142857,4.0
10,0.05357142857142857,4.0
20,0.044642857142857144,3.3333333333333335
30,0.03571428571428571,2.6666666666666665
50,0.025,1.866666666666667
