lift,pct,pi_p
0.0,1,0.0
0.6134969325153373,2,0.04464285714285714
0.8588957055214723,5,0.0625
0.7975460122699386,10,0.05803571428571429
1.0736196319018405,20,0.078125
