lift,pct,pi_p
0.6134969325153373,1,0.04464285714285714
0.920245398773006,2,0.06696428571428571
0.6134969325153374,5,0.044642857142857144
0.42944785276073616,10,0.03125
0.7975460122699386,20,0.05803571428571429
