pct,pi_p,lift
5,0.26785714285714285,3.592814371257485
10,0.21875,2.9341317365269464
20,0.16741071428571427,2.245508982035928
30,0.15029761904761904,2.0159680638722555
50,0.12589285714285714,1.688622754491018
