pct,pi_p,lift
5,0.25892857142857145,3.473053892215569
10,0.21428571428571427,2.874251497005988
20,0.16294642857142858,2.1856287425149703
30,0.14732142857142858,1.9760479041916168
50,0.125,1.6766467065868265
