lift,pct,pi_p
0.6134969325153373,1,0.04464285714285714
1.5337423312883434,2,0.11160714285714285
1.5950920245398772,5,0.11607142857142858
1.5950920245398772,10,0.11607142857142858
1.1349693251533741,20,0.08258928571428571
