pct,pi_p,lift
5,0.0625,4.666666666666667
10,0.049107142857142856,3.666666666666667
20,0.04017857142857143,3.0000000000000004
30,0.03422619047619048,2.555555555555556
50,0.024107142857142858,1.8000000000000003
