pct,pi_p,lift
5,0.14285714285714285,1.9631901840490795
10,0.11607142857142858,1.5950920245398772
20,0.09375,1.2883435582822085
30,0.0818452380952381,1.1247443762781186
50,0.07589285714285714,1.0429447852760734
