pct,pi_p,lift
5,0.6339285714285714,8.71165644171779
10,0.47767857142857145,6.564417177914111
20,0.34375,4.7239263803680975
30,0.23958333333333334,3.2924335378323106
50,0.1455357142857143,2.0
