pct,pi_p,lift
5,0.15178571428571427,2.0858895705521467
10,0.11607142857142858,1.5950920245398772
20,0.09598214285714286,1.3190184049079754
30,0.08482142857142858,1.165644171779141
50,0.075,1.0306748466257667
