lift,pct,pi_p
0.0,1,0.0
0.0,2,0.0
0.6666666666666666,5,0.008928571428571428
1.3333333333333333,10,0.017857142857142856
1.0,20,0.013392857142857142
