lift,pct,pi_p
2.395209580838323,1,0.17857142857142855
1.497005988023952,2,0.11160714285714285
1.0778443113772456,5,0.08035714285714286
1.1377245508982037,10,0.08482142857142858
1.0479041916167664,20,0.078125
