pct,pi_p,lift
5,0.0625,4.666666666666667
10,0.049107142857142856,3.666666666666667
20,0.044642857142857144,3.3333333333333335
30,0.03422619047619048,2.555555555555556
50,0.025,1.866666666666667
