lift,pct,pi_p
1.840490797546012,1,0.13392857142857142
1.840490797546012,2,0.13392857142857142
1.5950920245398772,5,0.11607142857142858
1.2883435582822085,10,0.09375
0.8588957055214723,20,0.0625
