pct,pi_p,lift
5,0.5089285714285714,6.993865030674845
10,0.4419642857142857,6.07361963190184
20,0.3125,4.294478527607362
30,0.22023809523809523,3.0265848670756643
50,0.14375,1.9754601226993862
