pct,pi_p,lift
5,0.11607142857142858,1.5950920245398772
10,0.09821428571428571,1.3496932515337423
20,0.10044642857142858,1.3803680981595092
30,0.09077380952380952,1.2474437627811858
50,0.07857142857142857,1.0797546012269938
