pct,pi_p,lift
5,0.17857142857142858,2.3952095808383236
10,0.16071428571428573,2.155688622754491
20,0.16294642857142858,2.1856287425149703
30,0.1488095238095238,1.9960079840319362
50,0.11517857142857142,1.5449101796407185
