lift,pct,pi_p
0.6134969325153373,1,0.04464285714285714
1.840490797546012,2,0.13392857142857142
1.3496932515337423,5,0.09821428571428571
1.4723926380368095,10,0.10714285714285714
1.2576687116564416,20,0.09151785714285714
