pct,pi_p,lift
5,0.05357142857142857,4.0
10,0.05357142857142857,4.0
20,0.04241071428571429,3.166666666666667
30,0.03422619047619048,2.555555555555556
50,0.023214285714285715,1.7333333333333334
