lift,pct,pi_p
0.0,1,0.0
0.0,2,0.0
0.6666666666666666,5,0.008928571428571428
1.0,10,0.013392857142857142
0.8333333333333334,20,0.011160714285714286
