lift,pct,pi_p
0.0,1,0.0
0.0,2,0.0
0.8383233532934132,5,0.0625
0.6586826347305389,10,0.049107142857142856
0.8982035928143712,20,0.06696428571428571
